surah_number,surah_name,ayah_start,ayah_end
70,Al-Ma'arij,19,22
51,Adz-Dzariyat,50,50
90,Al-Balad,4,4
51,Adz-Dzariyat,56,58
23,Al-Mu'minun,115,115
12,Yusuf,86,87
33,Al-Ahzab,72,72
2,Al-Baqarah,286,286
29,Al-Ankabut,2,3
2,Al-Baqarah,214,214
86,At-Tariq,15,16
6,Al-An'am,44,44
90,Al-Balad,10,18
2,Al-Baqarah,2,2
2,Al-Baqarah,155,157
2,Al-Baqarah,186,186
2,Al-Baqarah,255,255
3,Ali 'Imran,123,123
3,Ali 'Imran,140,141
3,Ali 'Imran,170,170
3,Ali 'Imran,191,191
94,Al-Insyirah,5,6
23,Al-Mu'minun,75,75
17,Al-Isra',59,59
29,Al-Ankabut,40,40
18,Al-Kahf,59,59
21,Al-Anbiya',35,35
21,Al-Anbiya',83,83
21,Al-Anbiya',87,87
53,An-Najm,31,31
7,Al-A'raf,16,17
2,Al-Baqarah,45,45
2,Al-Baqarah,152,152
2,Al-Baqarah,153,153
2,Al-Baqarah,268,268
16,An-Nahl,99,100
38,Sad,42,44
1,Al-Fatihah,5,5
64,At-Taghabun,11,11
6,Al-An'am,59,59
8,Al-Anfal,10,10
8,Al-Anfal,28,28
4,An-Nisa',142,142
4,An-Nisa',59,59
4,An-Nisa',100,100
13,Ar-Ra'd,11,11
13,Ar-Ra'd,28,28
33,Al-Ahzab,41,42
62,Al-Jumu'ah,10,10
58,Al-Mujadilah,9,9
76,Al-Insan,25,26
78,An-Naba',9,9
28,Al-Qasas,73,73
28,Al-Qasas,77,77
25,Al-Furqan,47,47
30,Ar-Rum,41,41
30,Ar-Rum,47,47
65,At-Talaq,2,4
27,An-Naml,68,68
57,Al-Hadid,20,20
3,Ali 'Imran,8,8
3,Ali 'Imran,14,14
3,Ali 'Imran,31,31
9,At-Taubah,38,38
41,Fussilat,30,32
59,Al-Hashr,16,16
46,Al-Ahqaf,13,14
10,Yunus,44,44
22,Al-Hajj,10,10
39,Az-Zumar,10,10
66,At-Tahrim,10,10
37,As-Saffat,143,145
47,Muhammad,7,7
49,Al-Hujurat,13,13
